sn,id,sid,mcq1,cq1,mcq2,cq2,mcq,cq,pra,ca,tot,gp,lg,result,gpa,grade
1,1,Bangla,42,59,42,59,42,59,,,50.5,3,B,,,
2,2,Bangla,21,57,21,57,21,57,,,39,1,D,,,
3,3,Bangla,22,58,22,58,22,58,,,40,2,C,,,
4,4,Bangla,19,55,19,55,19,55,,,37,1,D,,,
5,5,Bangla,19,55,19,55,19,55,,,37,1,D,,,
6,6,Bangla,20,48,20,48,20,48,,,34,1,D,,,
7,7,Bangla,21,53,21,53,21,53,,,37,1,D,,,
8,8,Bangla,22,56,22,56,22,56,,,39,1,D,,,
9,9,Bangla,20,43,20,43,20,43,,,31.5,0,F,,,
10,10,Bangla,17,50,17,50,17,50,,,33.5,1,D,,,
11,11,Bangla,20,48,20,48,20,48,,,34,1,D,,,
12,12,Bangla,18,52,18,52,18,52,,,35,1,D,,,
13,13,Bangla,21,59,21,59,21,59,,,40,2,C,,,
14,14,Bangla,22,52,22,52,22,52,,,37,1,D,,,
15,15,Bangla,22,51,22,51,22,51,,,36.5,1,D,,,
16,16,Bangla,23,42,23,42,23,42,,,32.5,0,F,,,
17,17,Bangla,21,57,21,57,21,57,,,39,1,D,,,
18,18,Bangla,21,49,21,49,21,49,,,35,1,D,,,
19,19,Bangla,18,49,18,49,18,49,,,33.5,1,D,,,
20,20,Bangla,20,43,20,43,20,43,,,31.5,0,F,,,
21,21,Bangla,22,56,22,56,22,56,,,39,1,D,,,
22,22,Bangla,21,50,21,50,21,50,,,35.5,1,D,,,
23,23,Bangla,22,52,22,52,22,52,,,37,1,D,,,
24,24,Bangla,42,59,22,58,32,58.5,,,45.25,2,C,,,
25,25,Bangla,20,59,63,46,41.5,52.5,,,47,2,C,,,
26,26,Bangla,21,59,71,55,46,57,,,51.5,3,B,,,
27,27,Bangla,24,59,50,35,37,47,,,42,2,C,,,
28,28,Bangla,16,59,44,33,30,46,,,38,1,D,,,
29,29,Bangla,17,59,42,34,29.5,46.5,,,38,1,D,,,
30,30,Bangla,14,59,44,38,29,48.5,,,38.75,1,D,,,
31,31,Bangla,13,59,40,33,26.5,46,,,36.25,1,D,,,
32,32,Bangla,15,59,59,42,37,50.5,,,43.75,2,C,,,
33,33,Bangla,23,59,52,41,37.5,50,,,43.75,2,C,,,
34,34,Bangla,19,59,36,33,27.5,46,,,36.75,1,D,,,
35,35,Bangla,16,59,43,21,29.5,40,,,34.75,1,D,,,
36,36,Bangla,,59,,,0,29.5,,,14.75,0,F,,,
37,37,Bangla,10,59,43,,26.5,29.5,,,28,0,F,,,
38,38,Bangla,12,59,25,18,18.5,38.5,,,28.5,0,F,,,
39,39,Bangla,16,59,43,34,29.5,46.5,,,38,1,D,,,
40,40,Bangla,10,59,40,22,25,40.5,,,32.75,0,F,,,
41,41,Bangla,14,59,19,18,16.5,38.5,,,27.5,0,F,,,
42,42,Bangla,15,59,33,27,24,43,,,33.5,1,D,,,
43,43,Bangla,12,59,37,33,24.5,46,,,35.25,1,D,,,
44,44,Bangla,14,59,21,24,17.5,41.5,,,29.5,0,F,,,
45,45,Bangla,11,59,23,20,17,39.5,,,28.25,0,F,,,
46,46,Bangla,11,59,27,26,19,42.5,,,30.75,0,F,,,
47,47,Bangla,8,59,34,46,21,52.5,,,36.75,1,D,,,
48,48,Bangla,11,59,34,33,22.5,46,,,34.25,1,D,,,
49,49,Bangla,14,59,29,33,21.5,46,,,33.75,1,D,,,
50,50,Bangla,12,59,34,33,23,46,,,34.5,1,D,,,
51,51,Bangla,12,59,37,23,24.5,41,,,32.75,0,F,,,
52,52,Bangla,8,59,36,26,22,42.5,,,32.25,0,F,,,
53,53,Bangla,14,59,30,33,22,46,,,34,1,D,,,
54,54,Bangla,11,59,36,23,23.5,41,,,32.25,0,F,,,
55,55,Bangla,15,59,37,24,26,41.5,,,33.75,1,D,,,
56,56,Bangla,13,59,33,46,23,52.5,,,37.75,1,D,,,
57,57,Bangla,,59,42,34,21,46.5,,,33.75,1,D,,,
58,58,Bangla,11,59,30,19,20.5,39,,,29.75,0,F,,,
59,59,Bangla,10,59,35,34,22.5,46.5,,,34.5,1,D,,,
60,60,Bangla,11,59,38,33,24.5,46,,,35.25,1,D,,,
61,61,Bangla,17,59,35,33,26,46,,,36,1,D,,,
62,62,Bangla,13,59,51,51,32,55,,,43.5,2,C,,,
63,63,Bangla,15,59,38,34,26.5,46.5,,,36.5,1,D,,,
64,64,Bangla,15,59,37,18,26,38.5,,,32.25,0,F,,,
65,65,Bangla,22,59,36,19,29,39,,,34,1,D,,,
66,66,Bangla,17,59,48,42,32.5,50.5,,,41.5,2,C,,,
67,1,English,,42,,59,,50.5,,,50.5,3,B,,,
68,2,English,,21,,57,,39,,,39,1,D,,,
69,3,English,,22,,58,,40,,,40,2,C,,,
70,4,English,,19,,55,,37,,,37,1,D,,,
71,5,English,,19,,55,,37,,,37,1,D,,,
72,6,English,,20,,48,,34,,,34,1,D,,,
73,7,English,,21,,53,,37,,,37,1,D,,,
74,8,English,,22,,56,,39,,,39,1,D,,,
75,9,English,,20,,43,,31.5,,,31.5,0,F,,,
76,10,English,,17,,50,,33.5,,,33.5,1,D,,,
77,11,English,,20,,48,,34,,,34,1,D,,,
78,12,English,,18,,52,,35,,,35,1,D,,,
79,13,English,,21,,59,,40,,,40,2,C,,,
80,14,English,,22,,52,,37,,,37,1,D,,,
81,15,English,,22,,51,,36.5,,,36.5,1,D,,,
82,16,English,,23,,42,,32.5,,,32.5,0,F,,,
83,17,English,,21,,57,,39,,,39,1,D,,,
84,18,English,,21,,49,,35,,,35,1,D,,,
85,19,English,,18,,49,,33.5,,,33.5,1,D,,,
86,20,English,,20,,43,,31.5,,,31.5,0,F,,,
87,21,English,,22,,56,,39,,,39,1,D,,,
88,22,English,,21,,50,,35.5,,,35.5,1,D,,,
89,23,English,,22,,52,,37,,,37,1,D,,,
90,24,English,,59,,59,,,,,59,3,B,,,
91,25,English,,59,,59,,,,,59,3,B,,,
92,26,English,,59,,59,,,,,59,3,B,,,
93,27,English,,59,,59,,,,,59,3,B,,,
94,28,English,,59,,59,,,,,59,3,B,,,
95,29,English,,59,,59,,,,,59,3,B,,,
96,30,English,,59,,59,,,,,59,3,B,,,
97,31,English,,59,,59,,,,,59,3,B,,,
98,32,English,,59,,59,,,,,59,3,B,,,
99,33,English,,59,,59,,,,,59,3,B,,,
100,34,English,,59,,59,,,,,59,3,B,,,
101,35,English,,59,,59,,,,,59,3,B,,,
102,36,English,,59,,59,,,,,59,3,B,,,
103,37,English,,59,,59,,,,,59,3,B,,,
104,38,English,,59,,59,,,,,59,3,B,,,
105,39,English,,59,,59,,,,,59,3,B,,,
106,40,English,,59,,59,,,,,59,3,B,,,
107,41,English,,59,,59,,,,,59,3,B,,,
108,42,English,,59,,59,,,,,59,3,B,,,
109,43,English,,59,,59,,,,,59,3,B,,,
110,44,English,,59,,59,,,,,59,3,B,,,
111,45,English,,59,,59,,,,,59,3,B,,,
112,46,English,,59,,59,,,,,59,3,B,,,
113,47,English,,59,,59,,,,,59,3,B,,,
114,48,English,,59,,59,,,,,59,3,B,,,
115,49,English,,59,,59,,,,,59,3,B,,,
116,50,English,,59,,59,,,,,59,3,B,,,
117,51,English,,59,,59,,,,,59,3,B,,,
118,52,English,,59,,59,,,,,59,3,B,,,
119,53,English,,59,,59,,,,,59,3,B,,,
120,54,English,,59,,59,,,,,59,3,B,,,
121,55,English,,59,,59,,,,,59,3,B,,,
122,56,English,,59,,59,,,,,59,3,B,,,
123,57,English,,59,,59,,,,,59,3,B,,,
124,58,English,,59,,59,,,,,59,3,B,,,
125,59,English,,59,,59,,,,,59,3,B,,,
126,60,English,,59,,59,,,,,59,3,B,,,
127,61,English,,59,,59,,,,,59,3,B,,,
128,62,English,,59,,59,,,,,59,3,B,,,
129,63,English,,59,,59,,,,,59,3,B,,,
130,64,English,,59,,59,,,,,59,3,B,,,
131,65,English,,59,,59,,,,,59,3,B,,,
132,66,English,,59,,59,,,,,59,3,B,,,
133,1,Math,,,,,18,27,,,45,5,A+,,,
134,2,Math,,,,,16,29,,,45,5,A+,,,
135,3,Math,,,,,10,26,,,36,4,A,,,
136,4,Math,,,,,14,24,,,38,4,A,,,
137,5,Math,,,,,16,17,,,33,3.5,A-,,,
138,6,Math,,,,,,,,,0,0,F,,,
139,7,Math,,,,,13,25,,,38,4,A,,,
140,8,Math,,,,,12,30,,,42,5,A+,,,
141,9,Math,,,,,14,26,,,40,5,A+,,,
142,10,Math,,,,,15,29,,,44,5,A+,,,
143,11,Math,,,,,10,27,,,37,4,A,,,
144,12,Math,,,,,18,27,,,45,5,A+,,,
145,13,Math,,,,,18,30,,,48,5,A+,,,
146,14,Math,,,,,17,30,,,47,5,A+,,,
147,15,Math,,,,,15,25,,,40,5,A+,,,
148,16,Math,,,,,14,26,,,40,5,A+,,,
149,17,Math,,,,,15,30,,,45,5,A+,,,
150,18,Math,,,,,16,30,,,46,5,A+,,,
151,19,Math,,,,,17,26,,,43,5,A+,,,
152,20,Math,,,,,15,26,,,41,5,A+,,,
153,21,Math,,,,,16,26,,,42,5,A+,,,
154,22,Math,,,,,16,30,,,46,5,A+,,,
155,23,Math,,,,,16,30,,,46,5,A+,,,
156,24,Math,,,,,10,22,,,32,3.5,A-,,,
157,25,Math,,,,,15,20,,,35,4,A,,,
158,26,Math,,,,,11,20,,,31,3.5,A-,,,
159,27,Math,,,,,10,21,,,31,3.5,A-,,,
160,28,Math,,,,,11,16,,,27,3,B,,,
161,29,Math,,,,,13,27,,,40,5,A+,,,
162,30,Math,,,,,12,13,,,25,3,B,,,
163,31,Math,,,,,8,15,,,23,2,C,,,
164,32,Math,,,,,11,20,,,31,3.5,A-,,,
165,33,Math,,,,,16,20,,,36,4,A,,,
166,34,Math,,,,,9,20,,,29,3,B,,,
167,35,Math,,,,,11,18,,,29,3,B,,,
168,36,Math,,,,,10,12,,,22,2,C,,,
169,37,Math,,,,,8,17,,,25,3,B,,,
170,38,Math,,,,,11,21,,,32,3.5,A-,,,
171,39,Math,,,,,14,30,,,44,5,A+,,,
172,40,Math,,,,,9,20,,,29,3,B,,,
173,41,Math,,,,,8,21,,,29,3,B,,,
174,42,Math,,,,,8,14,,,22,2,C,,,
175,43,Math,,,,,10,18,,,28,3,B,,,
176,44,Math,,,,,9,5,,,14,0,F,,,
177,45,Math,,,,,9,11,,,20,2,C,,,
178,46,Math,,,,,6,18,,,24,2,C,,,
179,47,Math,,,,,13,25,,,38,4,A,,,
180,48,Math,,,,,10,16,,,26,3,B,,,
181,49,Math,,,,,11,18,,,29,3,B,,,
182,50,Math,,,,,10,13,,,23,2,C,,,
183,51,Math,,,,,8,19,,,27,3,B,,,
184,52,Math,,,,,8,12,,,20,2,C,,,
185,53,Math,,,,,8,14,,,22,2,C,,,
186,54,Math,,,,,13,14,,,27,3,B,,,
187,55,Math,,,,,12,12,,,24,2,C,,,
188,56,Math,,,,,10,17,,,27,3,B,,,
189,57,Math,,,,,,,,,,,,,,
190,58,Math,,,,,9,18,,,27,3,B,,,
191,59,Math,,,,,,,,,0,0,F,,,
192,60,Math,,,,,6,10,,,16,0,F,,,
193,61,Math,,,,,10,16,,,26,3,B,,,
194,62,Math,,,,,10,16,,,26,3,B,,,
195,63,Math,,,,,11,17,,,28,3,B,,,
196,64,Math,,,,,8,9,,,17,0,F,,,
197,65,Math,,,,,12,17,,,29,3,B,,,
198,66,Math,,,,,10,16,,,26,3,B,,,
199,1,S.Science,,,,,26,49,,,75,4,A,,,
200,2,S.Science,,,,,24,49,,,73,4,A,,,
201,3,S.Science,,,,,22,43,,,65,3.5,A-,,,
202,4,S.Science,,,,,22,45,,,67,3.5,A-,,,
203,5,S.Science,,,,,21,44,,,65,3.5,A-,,,
204,6,S.Science,,,,,21,39,,,60,3.5,A-,,,
205,7,S.Science,,,,,23,48,,,71,4,A,,,
206,8,S.Science,,,,,22,48,,,70,4,A,,,
207,9,S.Science,,,,,19,47,,,66,3.5,A-,,,
208,10,S.Science,,,,,21,47,,,68,3.5,A-,,,
209,11,S.Science,,,,,20,48,,,68,3.5,A-,,,
210,12,S.Science,,,,,20,40,,,60,3.5,A-,,,
211,13,S.Science,,,,,19,48,,,67,3.5,A-,,,
212,14,S.Science,,,,,24,38,,,62,3.5,A-,,,
213,15,S.Science,,,,,21,47,,,68,3.5,A-,,,
214,16,S.Science,,,,,18,46,,,64,3.5,A-,,,
215,17,S.Science,,,,,16,48,,,64,3.5,A-,,,
216,18,S.Science,,,,,19,46,,,65,3.5,A-,,,
217,19,S.Science,,,,,21,46,,,67,3.5,A-,,,
218,20,S.Science,,,,,21,44,,,65,3.5,A-,,,
219,21,S.Science,,,,,16,47,,,63,3.5,A-,,,
220,22,S.Science,,,,,20,40,,,60,3.5,A-,,,
221,23,S.Science,,,,,14,42,,,56,3,B,,,
222,24,Science,,,,,23,53,,,76,4,A,,,
223,25,Science,,,,,25,45,,,70,4,A,,,
224,26,Science,,,,,20,52,,,72,4,A,,,
225,27,Science,,,,,18,48,,,66,3.5,A-,,,
226,28,Science,,,,,10,50,,,60,3.5,A-,,,
227,29,Science,,,,,15,43,,,58,3,B,,,
228,30,Science,,,,,13,26,,,39,1,D,,,
229,31,Science,,,,,19,38,,,57,3,B,,,
230,32,Science,,,,,19,40,,,59,3,B,,,
231,33,Science,,,,,19,50,,,69,3.5,A-,,,
232,34,Science,,,,,16,31,,,47,2,C,,,
233,35,Science,,,,,20,36,,,56,3,B,,,
234,36,Science,,,,,,,,,,,,,,
235,37,Science,,,,,,,,,0,0,F,,,
236,38,Science,,,,,15,18,,,33,0,F,,,
237,39,Science,,,,,17,33,,,50,3,B,,,
238,40,Science,,,,,16,27,,,43,2,C,,,
239,41,Science,,,,,16,38,,,54,3,B,,,
240,42,Science,,,,,16,48,,,64,3.5,A-,,,
241,43,Science,,,,,16,37,,,53,3,B,,,
242,44,Science,,,,,16,24,,,40,2,C,,,
243,45,Science,,,,,15,23,,,38,1,D,,,
244,46,Science,,,,,14,37,,,51,3,B,,,
245,47,Science,,,,,16,30,,,46,2,C,,,
246,48,Science,,,,,15,32,,,47,2,C,,,
247,49,Science,,,,,16,32,,,48,2,C,,,
248,50,Science,,,,,19,30,,,49,2,C,,,
249,51,Science,,,,,16,35,,,51,3,B,,,
250,52,Science,,,,,15,39,,,54,3,B,,,
251,53,Science,,,,,18,36,,,54,3,B,,,
252,54,Science,,,,,14,46,,,60,3.5,A-,,,
253,55,Science,,,,,18,53,,,71,4,A,,,
254,56,Science,,,,,21,48,,,69,3.5,A-,,,
255,57,Science,,,,,22,36,,,58,3,B,,,
256,58,Science,,,,,17,41,,,58,3,B,,,
257,59,Science,,,,,,,,,0,0,F,,,
258,60,Science,,,,,12,51,,,63,3.5,A-,,,
259,61,Science,,,,,16,35,,,51,3,B,,,
260,62,Science,,,,,17,36,,,53,3,B,,,
261,63,Science,,,,,18,43,,,61,3.5,A-,,,
262,64,Science,,,,,15,49,,,64,3.5,A-,,,
263,65,Science,,,,,16,31,,,47,2,C,,,
264,66,Science,,,,,21,34,,,55,3,B,,,
265,1,Islam,,,,,27,63,,,90,5,A+,,,
266,2,Islam,,,,,26,61,,,87,5,A+,,,
267,3,Islam,,,,,25,60,,,85,5,A+,,,
268,4,Islam,,,,,24,61,,,85,5,A+,,,
269,5,Islam,,,,,27,61,,,88,5,A+,,,
270,6,Islam,,,,,23,41,,,64,3.5,A-,,,
271,7,Islam,,,,,19,69,,,88,5,A+,,,
272,8,Islam,,,,,18,68,,,86,5,A+,,,
273,9,Islam,,,,,23,55,,,78,4,A,,,
274,10,Islam,,,,,26,55,,,81,5,A+,,,
275,11,Islam,,,,,27,55,,,82,5,A+,,,
276,12,Islam,,,,,25,56,,,81,5,A+,,,
277,13,Islam,,,,,23,59,,,82,5,A+,,,
278,14,Islam,,,,,25,58,,,83,5,A+,,,
279,15,Islam,,,,,23,55,,,78,4,A,,,
280,16,Islam,,,,,21,55,,,76,4,A,,,
281,17,Islam,,,,,23,61,,,84,5,A+,,,
282,18,Islam,,,,,21,54,,,75,4,A,,,
283,19,Islam,,,,,23,58,,,81,5,A+,,,
284,20,Islam,,,,,23,54,,,77,4,A,,,
285,21,Islam,,,,,24,57,,,81,5,A+,,,
286,22,Islam,,,,,26,54,,,80,5,A+,,,
287,23,Islam,,,,,24,56,,,80,5,A+,,,
288,24,Islam,,,,,20,61,,,81,5,A+,,,
289,25,Islam,,,,,20,45,,,65,3.5,A-,,,
290,26,Islam,,,,,20,55,,,75,4,A,,,
291,27,Islam,,,,,22,59,,,81,5,A+,,,
292,28,Islam,,,,,14,52,,,66,3.5,A-,,,
293,29,Islam,,,,,18,52,,,70,4,A,,,
294,30,Islam,,,,,19,31,,,50,3,B,,,
295,31,Islam,,,,,15,49,,,64,3.5,A-,,,
296,32,Islam,,,,,17,53,,,70,4,A,,,
297,33,Islam,,,,,23,50,,,73,4,A,,,
298,34,Islam,,,,,21,49,,,70,4,A,,,
299,35,Islam,,,,,12,38,,,50,3,B,,,
300,36,Islam,,,,,22,42,,,64,3.5,A-,,,
301,37,Islam,,,,,16,45,,,61,3.5,A-,,,
302,38,Islam,,,,,14,28,,,42,2,C,,,
303,39,Islam,,,,,10,41,,,51,3,B,,,
304,40,Islam,,,,,10,40,,,50,3,B,,,
305,41,Islam,,,,,12,52,,,64,3.5,A-,,,
306,42,Islam,,,,,12,50,,,62,3.5,A-,,,
307,43,Islam,,,,,18,49,,,67,3.5,A-,,,
308,44,Islam,,,,,13,32,,,45,2,C,,,
309,45,Islam,,,,,21,46,,,67,3.5,A-,,,
310,46,Islam,,,,,14,44,,,58,3,B,,,
311,47,Islam,,,,,17,43,,,60,3.5,A-,,,
312,48,Islam,,,,,15,43,,,58,3,B,,,
313,49,Islam,,,,,15,42,,,57,3,B,,,
314,50,Islam,,,,,15,36,,,51,3,B,,,
315,51,Islam,,,,,13,62,,,75,4,A,,,
316,52,Islam,,,,,19,48,,,67,3.5,A-,,,
317,53,Islam,,,,,14,44,,,58,3,B,,,
318,54,Islam,,,,,15,57,,,72,4,A,,,
319,55,Islam,,,,,13,59,,,72,4,A,,,
320,56,Islam,,,,,14,59,,,73,4,A,,,
321,57,Islam,,,,,,,,,,,,,,
322,58,Islam,,,,,12,50,,,62,3.5,A-,,,
323,59,Islam,,,,,,,,,0,0,F,,,
324,60,Islam,,,,,14,47,,,61,3.5,A-,,,
325,61,Islam,,,,,19,36,,,55,3,B,,,
326,62,Islam,,,,,17,46,,,63,3.5,A-,,,
327,63,Islam,,,,,19,48,,,67,3.5,A-,,,
328,64,Islam,,,,,15,45,,,60,3.5,A-,,,
329,65,Islam,,,,,17,51,,,68,3.5,A-,,,
330,66,Islam,,,,,22,41,,,63,3.5,A-,,,
331,24,History,,,,,28,57,,,85,5,A+,,,
332,25,History,,,,,20,46,,,66,3.5,A-,,,
333,26,History,,,,,20,56,,,76,4,A,,,
334,27,History,,,,,21,56,,,77,4,A,,,
335,28,History,,,,,21,49,,,70,4,A,,,
336,29,History,,,,,15,43,,,58,3,B,,,
337,30,History,,,,,10,24,,,34,1,D,,,
338,31,History,,,,,18,50,,,68,3.5,A-,,,
339,32,History,,,,,13,55,,,68,3.5,A-,,,
340,33,History,,,,,20,60,,,80,5,A+,,,
341,34,History,,,,,15,48,,,63,3.5,A-,,,
342,35,History,,,,,17,41,,,58,3,B,,,
343,36,History,,,,,,,,,,,,,,
344,37,History,,,,,10,25,,,35,1,D,,,
345,38,History,,,,,15,49,,,64,3.5,A-,,,
346,39,History,,,,,16,54,,,70,4,A,,,
347,40,History,,,,,13,45,,,58,3,B,,,
348,41,History,,,,,15,55,,,70,4,A,,,
349,42,History,,,,,13,51,,,64,3.5,A-,,,
350,43,History,,,,,12,38,,,50,3,B,,,
351,44,History,,,,,19,46,,,65,3.5,A-,,,
352,45,History,,,,,15,45,,,60,3.5,A-,,,
353,46,History,,,,,17,43,,,60,3.5,A-,,,
354,47,History,,,,,15,45,,,60,3.5,A-,,,
355,48,History,,,,,11,39,,,50,3,B,,,
356,49,History,,,,,13,37,,,50,3,B,,,
357,50,History,,,,,16,48,,,64,3.5,A-,,,
358,51,History,,,,,14,42,,,56,3,B,,,
359,52,History,,,,,16,37,,,53,3,B,,,
360,53,History,,,,,16,51,,,67,3.5,A-,,,
361,54,History,,,,,15,55,,,70,4,A,,,
362,55,History,,,,,12,56,,,68,3.5,A-,,,
363,56,History,,,,,13,48,,,61,3.5,A-,,,
364,57,History,,,,,,,,,,,,,,
365,58,History,,,,,,,,,0,0,F,,,
366,59,History,,,,,,,,,,,,,,
367,60,History,,,,,19,53,,,72,4,A,,,
368,61,History,,,,,22,36,,,58,3,B,,,
369,62,History,,,,,15,35,,,50,3,B,,,
370,63,History,,,,,15,31,,,46,2,C,,,
371,64,History,,,,,16,45,,,61,3.5,A-,,,
372,65,History,,,,,17,40,,,57,3,B,,,
373,66,History,,,,,18,39,,,57,3,B,,,
374,24,Civics,,,,,30,46,,,76,4,A,,,
375,25,Civics,,,,,24,42,,,66,3.5,A-,,,
376,26,Civics,,,,,19,46,,,65,3.5,A-,,,
377,27,Civics,,,,,18,46,,,64,3.5,A-,,,
378,28,Civics,,,,,17,41,,,58,3,B,,,
379,29,Civics,,,,,19,36,,,55,3,B,,,
380,30,Civics,,,,,20,17,,,37,0,F,,,
381,31,Civics,,,,,9,41,,,50,0,F,,,
382,32,Civics,,,,,11,46,,,57,3,B,,,
383,33,Civics,,,,,25,45,,,70,4,A,,,
384,34,Civics,,,,,20,42,,,62,3.5,A-,,,
385,35,Civics,,,,,9,31,,,40,0,F,,,
386,36,Civics,,,,,,,,,,,,,,
387,37,Civics,,,,,12,19,,,31,0,F,,,
388,38,Civics,,,,,13,43,,,56,3,B,,,
389,39,Civics,,,,,12,38,,,50,3,B,,,
390,40,Civics,,,,,11,33,,,44,2,C,,,
391,41,Civics,,,,,13,43,,,56,3,B,,,
392,42,Civics,,,,,21,39,,,60,3.5,A-,,,
393,43,Civics,,,,,12,30,,,42,2,C,,,
394,44,Civics,,,,,15,38,,,53,3,B,,,
395,45,Civics,,,,,13,34,,,47,2,C,,,
396,46,Civics,,,,,18,32,,,50,3,B,,,
397,47,Civics,,,,,17,36,,,53,3,B,,,
398,48,Civics,,,,,17,33,,,50,3,B,,,
399,49,Civics,,,,,16,31,,,47,2,C,,,
400,50,Civics,,,,,13,40,,,53,3,B,,,
401,51,Civics,,,,,14,32,,,46,2,C,,,
402,52,Civics,,,,,13,33,,,46,2,C,,,
403,53,Civics,,,,,13,48,,,61,3.5,A-,,,
404,54,Civics,,,,,14,45,,,59,3,B,,,
405,55,Civics,,,,,15,48,,,63,3.5,A-,,,
406,56,Civics,,,,,16,39,,,55,3,B,,,
407,57,Civics,,,,,17,46,,,63,3.5,A-,,,
408,58,Civics,,,,,16,26,,,42,2,C,,,
409,59,Civics,,,,,,,,,,,,,,
410,60,Civics,,,,,14,32,,,46,2,C,,,
411,61,Civics,,,,,17,24,,,41,2,C,,,
412,62,Civics,,,,,11,40,,,51,3,B,,,
413,63,Civics,,,,,20,36,,,56,3,B,,,
414,64,Civics,,,,,17,36,,,53,3,B,,,
415,65,Civics,,,,,21,31,,,52,3,B,,,
416,66,Civics,,,,,16,44,,,60,3.5,A-,,,
417,24,Geography,,,,,15,18,,,33,3.5,A-,,,
418,25,Geography,,,,,14,23,,,37,4,A,,,
419,26,Geography,,,,,15,27,,,42,5,A+,,,
420,27,Geography,,,,,13,27,,,40,5,A+,,,
421,28,Geography,,,,,13,27,,,40,5,A+,,,
422,29,Geography,,,,,14,26,,,40,5,A+,,,
423,30,Geography,,,,,10,12,,,22,2,C,,,
424,31,Geography,,,,,13,27,,,40,5,A+,,,
425,32,Geography,,,,,14,27,,,41,5,A+,,,
426,33,Geography,,,,,18,27,,,45,5,A+,,,
427,34,Geography,,,,,15,24,,,39,4,A,,,
428,35,Geography,,,,,12,21,,,33,3.5,A-,,,
429,36,Geography,,,,,,,,,,,,,,
430,37,Geography,,,,,14,23,,,37,4,A,,,
431,38,Geography,,,,,12,27,,,39,4,A,,,
432,39,Geography,,,,,14,26,,,40,5,A+,,,
433,40,Geography,,,,,,,,,0,0,F,,,
434,41,Geography,,,,,13,27,,,40,5,A+,,,
435,42,Geography,,,,,11,26,,,37,4,A,,,
436,43,Geography,,,,,15,27,,,42,5,A+,,,
437,44,Geography,,,,,12,13,,,25,3,B,,,
438,45,Geography,,,,,15,26,,,41,5,A+,,,
439,46,Geography,,,,,4,21,,,25,0,F,,,
440,47,Geography,,,,,13,27,,,40,5,A+,,,
441,48,Geography,,,,,8,27,,,35,4,A,,,
442,49,Geography,,,,,9,27,,,36,4,A,,,
443,50,Geography,,,,,9,27,,,36,4,A,,,
444,51,Geography,,,,,14,27,,,41,5,A+,,,
445,52,Geography,,,,,13,25,,,38,4,A,,,
446,53,Geography,,,,,13,26,,,39,4,A,,,
447,54,Geography,,,,,15,27,,,42,5,A+,,,
448,55,Geography,,,,,14,27,,,41,5,A+,,,
449,56,Geography,,,,,10,27,,,37,4,A,,,
450,57,Geography,,,,,,,,,,,,,,
451,58,Geography,,,,,,,,,0,0,F,,,
452,59,Geography,,,,,,,,,0,0,F,,,
453,60,Geography,,,,,12,27,,,39,4,A,,,
454,61,Geography,,,,,13,18,,,31,3.5,A-,,,
455,62,Geography,,,,,10,20,,,30,3.5,A-,,,
456,63,Geography,,,,,15,18,,,33,3.5,A-,,,
457,64,Geography,,,,,14,22,,,36,4,A,,,
458,65,Geography,,,,,14,24,,,38,4,A,,,
459,66,Geography,,,,,12,27,,,39,4,A,,,
460,1,Physics,,,,,21,45,24,,90,5,A+,,,
461,2,Physics,,,,,14,34,23,,71,4,A,,,
462,3,Physics,,,,,15,33,23,,71,4,A,,,
463,4,Physics,,,,,16,34,23,,73,4,A,,,
464,5,Physics,,,,,13,28,23,,64,3.5,A-,,,
465,6,Physics,,,,,17,19,24,,60,0,F,,,
466,7,Physics,,,,,11,35,24,,70,4,A,,,
467,8,Physics,,,,,12,24,24,,60,3.5,A-,,,
468,9,Physics,,,,,15,33,23,,71,4,A,,,
469,10,Physics,,,,,16,32,23,,71,4,A,,,
470,11,Physics,,,,,17,30,23,,70,4,A,,,
471,12,Physics,,,,,15,28,23,,66,3.5,A-,,,
472,13,Physics,,,,,11,32,23,,66,3.5,A-,,,
473,14,Physics,,,,,11,23,23,,57,3,B,,,
474,15,Physics,,,,,11,22,23,,56,0,F,,,
475,16,Physics,,,,,14,24,23,,61,3.5,A-,,,
476,17,Physics,,,,,10,25,23,,58,3,B,,,
477,18,Physics,,,,,16,21,23,,60,0,F,,,
478,19,Physics,,,,,10,26,24,,60,3.5,A-,,,
479,20,Physics,,,,,15,18,24,,57,0,F,,,
480,21,Physics,,,,,12,28,23,,63,3.5,A-,,,
481,22,Physics,,,,,14,26,23,,63,3.5,A-,,,
482,23,Physics,,,,,10,26,24,,60,3.5,A-,,,
483,1,Chemistry,,,,,18,0,,,18,0,F,,,
484,2,Chemistry,,,,,19,22,,,41,5,A+,,,
485,3,Chemistry,,,,,18,27,,,45,5,A+,,,
486,4,Chemistry,,,,,17,12,,,29,3,B,,,
487,5,Chemistry,,,,,,,,,0,0,F,,,
488,6,Chemistry,,,,,,,,,0,0,F,,,
489,7,Chemistry,,,,,15,26,,,41,5,A+,,,
490,8,Chemistry,,,,,17,27,,,44,5,A+,,,
491,9,Chemistry,,,,,20,26,,,46,5,A+,,,
492,10,Chemistry,,,,,15,18,,,33,3.5,A-,,,
493,11,Chemistry,,,,,17,27,,,44,5,A+,,,
494,12,Chemistry,,,,,18,25,,,43,5,A+,,,
495,13,Chemistry,,,,,17,27,,,44,5,A+,,,
496,14,Chemistry,,,,,16,27,,,43,5,A+,,,
497,15,Chemistry,,,,,19,27,,,46,5,A+,,,
498,16,Chemistry,,,,,16,26,,,42,5,A+,,,
499,17,Chemistry,,,,,17,23,,,40,5,A+,,,
500,18,Chemistry,,,,,19,22,,,41,5,A+,,,
501,19,Chemistry,,,,,19,27,,,46,5,A+,,,
502,20,Chemistry,,,,,19,20,,,39,4,A,,,
503,21,Chemistry,,,,,18,26,,,44,5,A+,,,
504,22,Chemistry,,,,,15,13,,,28,3,B,,,
505,23,Chemistry,,,,,19,21,,,40,5,A+,,,
506,1,Biology,,,,,18,42,22,,82,5,A+,,,
507,2,Biology,,,,,17,41,22,,80,5,A+,,,
508,3,Biology,,,,,16,43,22,,81,5,A+,,,
509,4,Biology,,,,,19,44,22,,85,5,A+,,,
510,5,Biology,,,,,14,41,22,,77,4,A,,,
511,6,Biology,,,,,18,38,22,,78,4,A,,,
512,7,Biology,,,,,17,46,22,,85,5,A+,,,
513,8,Biology,,,,,17,44,22,,83,5,A+,,,
514,9,Biology,,,,,15,41,22,,78,4,A,,,
515,10,Biology,,,,,15,39,22,,76,4,A,,,
516,11,Biology,,,,,14,31,22,,67,3.5,A-,,,
517,12,Biology,,,,,16,38,22,,76,4,A,,,
518,13,Biology,,,,,14,40,22,,76,4,A,,,
519,14,Biology,,,,,14,39,22,,75,4,A,,,
520,15,Biology,,,,,14,37,22,,73,4,A,,,
521,16,Biology,,,,,12,38,22,,72,4,A,,,
522,17,Biology,,,,,14,40,22,,76,4,A,,,
523,18,Biology,,,,,15,40,22,,77,4,A,,,
524,19,Biology,,,,,14,40,22,,76,4,A,,,
525,20,Biology,,,,,17,30,22,,69,3.5,A-,,,
526,21,Biology,,,,,10,34,22,,66,3.5,A-,,,
527,22,Biology,,,,,15,35,22,,72,4,A,,,
528,23,Biology,,,,,14,31,22,,67,3.5,A-,,,
529,1,ICT,,,,,23,,25,,48,5,A+,,,
530,2,ICT,,,,,22,,25,,47,5,A+,,,
531,3,ICT,,,,,22,,25,,47,5,A+,,,
532,4,ICT,,,,,23,,25,,48,5,A+,,,
533,5,ICT,,,,,23,,25,,48,5,A+,,,
534,6,ICT,,,,,21,,24,,45,5,A+,,,
535,7,ICT,,,,,21,,24,,45,5,A+,,,
536,8,ICT,,,,,20,,24,,44,5,A+,,,
537,9,ICT,,,,,20,,24,,44,5,A+,,,
538,10,ICT,,,,,15,,22,,37,4,A,,,
539,11,ICT,,,,,16,,22,,38,4,A,,,
540,12,ICT,,,,,21,,22,,43,5,A+,,,
541,13,ICT,,,,,19,,24,,43,5,A+,,,
542,14,ICT,,,,,18,,25,,43,5,A+,,,
543,15,ICT,,,,,19,,24,,43,5,A+,,,
544,16,ICT,,,,,20,,23,,43,5,A+,,,
545,17,ICT,,,,,18,,22,,40,5,A+,,,
546,18,ICT,,,,,21,,22,,43,5,A+,,,
547,19,ICT,,,,,19,,21,,40,5,A+,,,
548,20,ICT,,,,,20,,21,,41,5,A+,,,
549,21,ICT,,,,,21,,21,,42,5,A+,,,
550,22,ICT,,,,,18,,22,,40,5,A+,,,
551,23,ICT,,,,,17,,21,,38,4,A,,,
552,24,ICT,,,,,18,,24,,42,5,A+,,,
553,25,ICT,,,,,17,,24,,41,5,A+,,,
554,26,ICT,,,,,17,,24,,41,5,A+,,,
555,27,ICT,,,,,15,,23,,38,4,A,,,
556,28,ICT,,,,,13,,23,,36,4,A,,,
557,29,ICT,,,,,11,,22,,33,3.5,A-,,,
558,30,ICT,,,,,7,,20,,27,0,F,,,
559,31,ICT,,,,,14,,22,,36,4,A,,,
560,32,ICT,,,,,15,,23,,38,4,A,,,
561,33,ICT,,,,,12,,22,,34,3.5,A-,,,
562,34,ICT,,,,,12,,23,,35,4,A,,,
563,35,ICT,,,,,12,,20,,32,3.5,A-,,,
564,36,ICT,,,,,,,,,,,,,,
565,37,ICT,,,,,13,,22,,35,4,A,,,
566,38,ICT,,,,,13,,21,,34,3.5,A-,,,
567,39,ICT,,,,,12,,22,,34,3.5,A-,,,
568,40,ICT,,,,,13,,23,,36,4,A,,,
569,41,ICT,,,,,8,,20,,28,3,B,,,
570,42,ICT,,,,,8,,20,,28,3,B,,,
571,43,ICT,,,,,14,,21,,35,4,A,,,
572,44,ICT,,,,,12,,20,,32,3.5,A-,,,
573,45,ICT,,,,,12,,22,,34,3.5,A-,,,
574,46,ICT,,,,,10,,22,,32,3.5,A-,,,
575,47,ICT,,,,,11,,21,,32,3.5,A-,,,
576,48,ICT,,,,,10,,20,,30,3.5,A-,,,
577,49,ICT,,,,,8,,22,,30,3.5,A-,,,
578,50,ICT,,,,,10,,21,,31,3.5,A-,,,
579,51,ICT,,,,,14,,22,,36,4,A,,,
580,52,ICT,,,,,13,,23,,36,4,A,,,
581,53,ICT,,,,,12,,22,,34,3.5,A-,,,
582,54,ICT,,,,,11,,21,,32,3.5,A-,,,
583,55,ICT,,,,,8,,22,,30,3.5,A-,,,
584,56,ICT,,,,,11,,21,,32,3.5,A-,,,
585,57,ICT,,,,,,,,,,,,,,
586,58,ICT,,,,,9,,21,,30,3.5,A-,,,
587,59,ICT,,,,,,,,,0,0,F,,,
588,60,ICT,,,,,10,,20,,30,3.5,A-,,,
589,61,ICT,,,,,16,,24,,40,5,A+,,,
590,62,ICT,,,,,17,,24,,41,5,A+,,,
591,63,ICT,,,,,15,,23,,38,4,A,,,
592,64,ICT,,,,,10,,22,,32,3.5,A-,,,
593,65,ICT,,,,,10,,21,,31,3.5,A-,,,
594,66,ICT,,,,,12,,22,,34,3.5,A-,,,
595,1,H.Math,,,,,17,0,,,17,0,F,,,
596,2,H.Math,,,,,17,15,,,32,1.5,F,,,
597,3,H.Math,,,,,,,,,0,0,F,,,
598,4,H.Math,,,,,13,4,,,17,0,F,,,
599,5,H.Math,,,,,17,25,,,42,3,C,,,
600,6,H.Math,,,,,,,,,0,0,F,,,
601,7,H.Math,,,,,16,20,,,36,2,D,,,
602,8,H.Math,,,,,18,22,,,40,3,C,,,
603,9,H.Math,,,,,,,,,0,0,F,,,
604,10,H.Math,,,,,,,,,0,0,F,,,
605,11,H.Math,,,,,17,26,,,43,3,C,,,
606,12,H.Math,,,,,14,22,,,36,2,D,,,
607,13,H.Math,,,,,16,26,,,42,3,C,,,
608,14,H.Math,,,,,17,26,,,43,3,C,,,
609,15,H.Math,,,,,18,26,,,44,3,C,,,
610,16,H.Math,,,,,,,,,0,0,F,,,
611,17,H.Math,,,,,16,22,,,38,2,D,,,
612,18,H.Math,,,,,16,28,,,44,3,C,,,
613,19,H.Math,,,,,,,,,0,0,F,,,
614,20,H.Math,,,,,13,28,18,,59,1,B,,,
615,21,H.Math,,,,,17,16,,,33,1.5,D,,,
616,22,H.Math,,,,,9,1,,,10,0,F,,,
617,23,H.Math,,,,,16,10,,,26,1,F,,,
618,24,H.Science,,,,,23,46,20,,89,3,A+,,,
619,25,H.Science,,,,,20,43,20,,83,3,A+,,,
620,26,H.Science,,,,,19,41,20,,80,3,A+,,,
621,27,H.Science,,,,,17,43,20,,80,3,A+,,,
622,28,H.Science,,,,,18,36,20,,74,2,A,,,
623,29,H.Science,,,,,17,31,18,,66,1.5,A-,,,
624,30,H.Science,,,,,15,18,18,,51,1,B,,,
625,31,H.Science,,,,,17,31,20,,68,1.5,A-,,,
626,32,H.Science,,,,,17,36,20,,73,2,A,,,
627,33,H.Science,,,,,21,31,18,,70,2,A,,,
628,34,H.Science,,,,,18,24,18,,60,1.5,A-,,,
629,35,H.Science,,,,,17,30,18,,65,1.5,A-,,,
630,36,H.Science,,,,,18,20,18,,56,1,B,,,
631,37,H.Science,,,,,10,28,18,,56,1,B,,,
632,38,H.Science,,,,,9,12,19,,40,0,C,,,
633,39,H.Science,,,,,12,22,18,,52,1,B,,,
634,40,H.Science,,,,,11,25,18,,54,1,B,,,
635,41,H.Science,,,,,16,24,18,,58,1,B,,,
636,42,H.Science,,,,,14,29,18,,61,1.5,A-,,,
637,43,H.Science,,,,,16,29,18,,63,1.5,A-,,,
638,44,H.Science,,,,,15,13,18,,46,0,C,,,
639,45,H.Science,,,,,17,24,19,,60,1.5,A-,,,
640,46,H.Science,,,,,12,30,18,,60,1.5,A-,,,
641,47,H.Science,,,,,19,26,18,,63,1.5,A-,,,
642,48,H.Science,,,,,17,26,18,,61,1.5,A-,,,
643,49,H.Science,,,,,13,25,18,,56,1,B,,,
644,50,H.Science,,,,,16,34,20,,70,2,A,,,
645,51,H.Science,,,,,16,27,18,,61,1.5,A-,,,
646,52,H.Science,,,,,15,22,18,,55,1,B,,,
647,53,H.Science,,,,,13,23,18,,54,1,B,,,
648,54,H.Science,,,,,16,23,18,,57,1,B,,,
649,55,H.Science,,,,,16,31,20,,67,1.5,A-,,,
650,56,H.Science,,,,,17,31,20,,68,1.5,A-,,,
651,57,H.Science,,,,,,,,,,,,,,
652,58,H.Science,,,,,14,25,18,,57,1,B,,,
653,59,H.Science,,,,,,,,,0,0,F,,,
654,60,H.Science,,,,,14,28,18,,60,1.5,A-,,,
655,61,H.Science,,,,,15,22,18,,55,1,B,,,
656,62,H.Science,,,,,19,20,18,,57,1,B,,,
657,63,H.Science,,,,,17,23,18,,58,1,B,,,
658,64,H.Science,,,,,13,24,18,,55,1,B,,,
659,65,H.Science,,,,,15,25,18,,58,1,B,,,
660,66,H.Science,,,,,19,23,18,,60,1.5,A-,,,
,,,,,,,,,,,,,,,,
,,,,,,,,,,,,,,,,
,,,,,,,,,,,,,,,,
,,,,,,,,,,,,,,,,
,,,,,,,,,,,,,,,,
,,,,,,,,,,,,,,,,
,,,,,,,,,,,,,,,,
,,,,,,,,,,,,,,,,
,,,,,,,,,,,,,,,,
,,,,,,,,,,,,,,,,
,,,,,,,,,,,,,,,,
,,,,,,,,,,,,,,,,
,,,,,,,,,,,,,,,,
,,,,,,,,,,,,,,,,
,,,,,,,,,,,,,,,,
,,,,,,,,,,,,,,,,
,,,,,,,,,,,,,,,,
,,,,,,,,,,,,,,,,
,,,,,,,,,,,,,,,,
,,,,,,,,,,,,,,,,
,,,,,,,,,,,,,,,,
,,,,,,,,,,,,,,,,
,,,,,,,,,,,,,,,,
,,,,,,,,,,,,,,,,
,,,,,,,,,,,,,,,,
,,,,,,,,,,,,,,,,
,,,,,,,,,,,,,,,,
,,,,,,,,,,,,,,,,
,,,,,,,,,,,,,,,,
,,,,,,,,,,,,,,,,
,,,,,,,,,,,,,,,,
,,,,,,,,,,,,,,,,
,,,,,,,,,,,,,,,,
,,,,,,,,,,,,,,,,
,,,,,,,,,,,,,,,,
,,,,,,,,,,,,,,,,
,,,,,,,,,,,,,,,,
,,,,,,,,,,,,,,,,
,,,,,,,,,,,,,,,,
,,,,,,,,,,,,,,,,
,,,,,,,,,,,,,,,,
,,,,,,,,,,,,,,,,
,,,,,,,,,,,,,,,,
,,,,,,,,,,,,,,,,
,,,,,,,,,,,,,,,,
,,,,,,,,,,,,,,,,
,,,,,,,,,,,,,,,,
,,,,,,,,,,,,,,,,
,,,,,,,,,,,,,,,,
,,,,,,,,,,,,,,,,
,,,,,,,,,,,,,,,,
,,,,,,,,,,,,,,,,
,,,,,,,,,,,,,,,,
,,,,,,,,,,,,,,,,
,,,,,,,,,,,,,,,,
,,,,,,,,,,,,,,,,
,,,,,,,,,,,,,,,,
,,,,,,,,,,,,,,,,
,,,,,,,,,,,,,,,,
,,,,,,,,,,,,,,,,
,,,,,,,,,,,,,,,,
,,,,,,,,,,,,,,,,
,,,,,,,,,,,,,,,,
,,,,,,,,,,,,,,,,
,,,,,,,,,,,,,,,,
,,,,,,,,,,,,,,,,
,,,,,,,,,,,,,,,,
,,,,,,,,,,,,,,,,
,,,,,,,,,,,,,,,,
,,,,,,,,,,,,,,,,
,,,,,,,,,,,,,,,,
,,,,,,,,,,,,,,,,
,,,,,,,,,,,,,,,,
,,,,,,,,,,,,,,,,
,,,,,,,,,,,,,,,,
,,,,,,,,,,,,,,,,
,,,,,,,,,,,,,,,,
,,,,,,,,,,,,,,,,
,,,,,,,,,,,,,,,,
,,,,,,,,,,,,,,,,
,,,,,,,,,,,,,,,,
,,,,,,,,,,,,,,,,
,,,,,,,,,,,,,,,,
,,,,,,,,,,,,,,,,
,,,,,,,,,,,,,,,,
,,,,,,,,,,,,,,,,
,,,,,,,,,,,,,,,,
,,,,,,,,,,,,,,,,
,,,,,,,,,,,,,,,,
,,,,,,,,,,,,,,,,
,,,,,,,,,,,,,,,,
,,,,,,,,,,,,,,,,
,,,,,,,,,,,,,,,,
,,,,,,,,,,,,,,,,
,,,,,,,,,,,,,,,,
,,,,,,,,,,,,,,,,
,,,,,,,,,,,,,,,,
,,,,,,,,,,,,,,,,
,,,,,,,,,,,,,,,,
,,,,,,,,,,,,,,,,
,,,,,,,,,,,,,,,,
,,,,,,,,,,,,,,,,
,,,,,,,,,,,,,,,,
,,,,,,,,,,,,,,,,
,,,,,,,,,,,,,,,,
,,,,,,,,,,,,,,,,
,,,,,,,,,,,,,,,,
,,,,,,,,,,,,,,,,
,,,,,,,,,,,,,,,,
,,,,,,,,,,,,,,,,
,,,,,,,,,,,,,,,,
,,,,,,,,,,,,,,,,
,,,,,,,,,,,,,,,,
,,,,,,,,,,,,,,,,
,,,,,,,,,,,,,,,,
,,,,,,,,,,,,,,,,
,,,,,,,,,,,,,,,,
,,,,,,,,,,,,,,,,
,,,,,,,,,,,,,,,,
,,,,,,,,,,,,,,,,
,,,,,,,,,,,,,,,,
,,,,,,,,,,,,,,,,
,,,,,,,,,,,,,,,,
,,,,,,,,,,,,,,,,
,,,,,,,,,,,,,,,,
,,,,,,,,,,,,,,,,
,,,,,,,,,,,,,,,,
,,,,,,,,,,,,,,,,
,,,,,,,,,,,,,,,,
,,,,,,,,,,,,,,,,
,,,,,,,,,,,,,,,,
,,,,,,,,,,,,,,,,
,,,,,,,,,,,,,,,,
,,,,,,,,,,,,,,,,
,,,,,,,,,,,,,,,,
,,,,,,,,,,,,,,,,
,,,,,,,,,,,,,,,,
,,,,,,,,,,,,,,,,
,,,,,,,,,,,,,,,,
,,,,,,,,,,,,,,,,
,,,,,,,,,,,,,,,,
,,,,,,,,,,,,,,,,
,,,,,,,,,,,,,,,,
,,,,,,,,,,,,,,,,
,,,,,,,,,,,,,,,,
,,,,,,,,,,,,,,,,
,,,,,,,,,,,,,,,,
,,,,,,,,,,,,,,,,
,,,,,,,,,,,,,,,,
,,,,,,,,,,,,,,,,
,,,,,,,,,,,,,,,,
,,,,,,,,,,,,,,,,
,,,,,,,,,,,,,,,,
,,,,,,,,,,,,,,,,
,,,,,,,,,,,,,,,,
,,,,,,,,,,,,,,,,
,,,,,,,,,,,,,,,,
,,,,,,,,,,,,,,,,
,,,,,,,,,,,,,,,,
,,,,,,,,,,,,,,,,
,,,,,,,,,,,,,,,,
,,,,,,,,,,,,,,,,
,,,,,,,,,,,,,,,,
,,,,,,,,,,,,,,,,
,,,,,,,,,,,,,,,,
,,,,,,,,,,,,,,,,
,,,,,,,,,,,,,,,,
,,,,,,,,,,,,,,,,
,,,,,,,,,,,,,,,,
,,,,,,,,,,,,,,,,
,,,,,,,,,,,,,,,,
,,,,,,,,,,,,,,,,
,,,,,,,,,,,,,,,,
,,,,,,,,,,,,,,,,
,,,,,,,,,,,,,,,,
,,,,,,,,,,,,,,,,
,,,,,,,,,,,,,,,,
,,,,,,,,,,,,,,,,
,,,,,,,,,,,,,,,,
,,,,,,,,,,,,,,,,
,,,,,,,,,,,,,,,,
,,,,,,,,,,,,,,,,
,,,,,,,,,,,,,,,,
,,,,,,,,,,,,,,,,
,,,,,,,,,,,,,,,,
,,,,,,,,,,,,,,,,
,,,,,,,,,,,,,,,,
,,,,,,,,,,,,,,,,
,,,,,,,,,,,,,,,,
,,,,,,,,,,,,,,,,
,,,,,,,,,,,,,,,,
,,,,,,,,,,,,,,,,
,,,,,,,,,,,,,,,,
,,,,,,,,,,,,,,,,
,,,,,,,,,,,,,,,,
,,,,,,,,,,,,,,,,
,,,,,,,,,,,,,,,,
,,,,,,,,,,,,,,,,
,,,,,,,,,,,,,,,,
,,,,,,,,,,,,,,,,
,,,,,,,,,,,,,,,,
,,,,,,,,,,,,,,,,
,,,,,,,,,,,,,,,,
,,,,,,,,,,,,,,,,
,,,,,,,,,,,,,,,,
,,,,,,,,,,,,,,,,
,,,,,,,,,,,,,,,,
,,,,,,,,,,,,,,,,
,,,,,,,,,,,,,,,,
,,,,,,,,,,,,,,,,
,,,,,,,,,,,,,,,,
,,,,,,,,,,,,,,,,
,,,,,,,,,,,,,,,,
,,,,,,,,,,,,,,,,
,,,,,,,,,,,,,,,,
,,,,,,,,,,,,,,,,
,,,,,,,,,,,,,,,,
,,,,,,,,,,,,,,,,
,,,,,,,,,,,,,,,,
,,,,,,,,,,,,,,,,
,,,,,,,,,,,,,,,,
,,,,,,,,,,,,,,,,
,,,,,,,,,,,,,,,,
,,,,,,,,,,,,,,,,
,,,,,,,,,,,,,,,,
,,,,,,,,,,,,,,,,
,,,,,,,,,,,,,,,,
,,,,,,,,,,,,,,,,
,,,,,,,,,,,,,,,,
,,,,,,,,,,,,,,,,
,,,,,,,,,,,,,,,,
,,,,,,,,,,,,,,,,
,,,,,,,,,,,,,,,,
,,,,,,,,,,,,,,,,
,,,,,,,,,,,,,,,,
,,,,,,,,,,,,,,,,
,,,,,,,,,,,,,,,,
,,,,,,,,,,,,,,,,
,,,,,,,,,,,,,,,,
,,,,,,,,,,,,,,,,
,,,,,,,,,,,,,,,,
,,,,,,,,,,,,,,,,
,,,,,,,,,,,,,,,,
,,,,,,,,,,,,,,,,
,,,,,,,,,,,,,,,,
,,,,,,,,,,,,,,,,
,,,,,,,,,,,,,,,,
,,,,,,,,,,,,,,,,
,,,,,,,,,,,,,,,,
,,,,,,,,,,,,,,,,
,,,,,,,,,,,,,,,,
,,,,,,,,,,,,,,,,
,,,,,,,,,,,,,,,,
,,,,,,,,,,,,,,,,
,,,,,,,,,,,,,,,,
,,,,,,,,,,,,,,,,
,,,,,,,,,,,,,,,,
,,,,,,,,,,,,,,,,
,,,,,,,,,,,,,,,,
,,,,,,,,,,,,,,,,
,,,,,,,,,,,,,,,,
,,,,,,,,,,,,,,,,
,,,,,,,,,,,,,,,,
,,,,,,,,,,,,,,,,
,,,,,,,,,,,,,,,,
,,,,,,,,,,,,,,,,
,,,,,,,,,,,,,,,,
,,,,,,,,,,,,,,,,
,,,,,,,,,,,,,,,,
,,,,,,,,,,,,,,,,
,,,,,,,,,,,,,,,,
,,,,,,,,,,,,,,,,
,,,,,,,,,,,,,,,,
,,,,,,,,,,,,,,,,
,,,,,,,,,,,,,,,,
,,,,,,,,,,,,,,,,
,,,,,,,,,,,,,,,,
,,,,,,,,,,,,,,,,
,,,,,,,,,,,,,,,,
,,,,,,,,,,,,,,,,
,,,,,,,,,,,,,,,,
,,,,,,,,,,,,,,,,
,,,,,,,,,,,,,,,,
,,,,,,,,,,,,,,,,
,,,,,,,,,,,,,,,,
,,,,,,,,,,,,,,,,
,,,,,,,,,,,,,,,,
,,,,,,,,,,,,,,,,
,,,,,,,,,,,,,,,,
,,,,,,,,,,,,,,,,
,,,,,,,,,,,,,,,,
,,,,,,,,,,,,,,,,
,,,,,,,,,,,,,,,,
,,,,,,,,,,,,,,,,
,,,,,,,,,,,,,,,,
,,,,,,,,,,,,,,,,
,,,,,,,,,,,,,,,,
,,,,,,,,,,,,,,,,
,,,,,,,,,,,,,,,,
,,,,,,,,,,,,,,,,
,,,,,,,,,,,,,,,,
,,,,,,,,,,,,,,,,
,,,,,,,,,,,,,,,,
,,,,,,,,,,,,,,,,
,,,,,,,,,,,,,,,,
,,,,,,,,,,,,,,,,
,,,,,,,,,,,,,,,,
,,,,,,,,,,,,,,,,
,,,,,,,,,,,,,,,,
,,,,,,,,,,,,,,,,
,,,,,,,,,,,,,,,,
,,,,,,,,,,,,,,,,
,,,,,,,,,,,,,,,,
,,,,,,,,,,,,,,,,
,,,,,,,,,,,,,,,,
,,,,,,,,,,,,,,,,
,,,,,,,,,,,,,,,,
,,,,,,,,,,,,,,,,
,,,,,,,,,,,,,,,,
,,,,,,,,,,,,,,,,
,,,,,,,,,,,,,,,,
,,,,,,,,,,,,,,,,
,,,,,,,,,,,,,,,,
,,,,,,,,,,,,,,,,
,,,,,,,,,,,,,,,,
,,,,,,,,,,,,,,,,
,,,,,,,,,,,,,,,,
